"Sales, Marketing & Revenue Performance Analysis (Google Sheets)",,,,,,,,,,,,,,,,,,,,,,,,,,,
,,,,,,,,,,,,,,,,,,,,,,,,,,,
,,,,,,,,,,,,,,Total Sales,Total Profit,,Pivot 2 - Profit VS Sales,,,,Pivot 6 - Top Customers,,,,,,
,,,,,,,,,,,,,,"$2,297,200.86","$286,397.02",,Category,SUM of Sales,SUM of Profit,,Clean_Customer_Name,SUM of Sales,,,,,
,,,,,,,,,,,,,,,,,Furniture,"$741,999.80",18451.2728,1,Sean Miller,"$25,043.05",Top 10 Customer,"$153,811.17",6.70%,,
,,,,,,,,,,,,,,,,,Office Supplies,"$719,047.03",122490.8008,2,Tamara Chand,"$19,052.22",Total,"$2,296,858.56",,,
,,,,,,,,,,,,,,Profit Margin,Total Order,,Technology,"$836,154.03",145454.9481,3,Raymond Buch,"$15,117.34",,,,,
,,,,,,,,,,,,,,12.47%,5009,,,,,4,Tom Ashbrook,"$14,595.62",,,,,
,,,,,,,,,,,,,,,,,,,,5,Adrian Barton,"$14,473.57",,,,,
,,,,,,,,,,,,,,,,,Pivot 3 - Profit Ratio,,,6,Ken Lonsdale,"$14,175.23",,Discount_Level,SUM of Profit,AVERAGE of Profit_Ratio,
,,,,,,,,,,,,,,Avg Order Value,,,Category,AVERAGE of Profit_Ratio,,7,Sanjit Chand,"$14,142.33",,High,-76559.0513,-113.88%,
,,,,,,,,,,,,,,$458.61,,,Furniture,3.88%,,8,Hunter Lopez,"$12,873.30",,Low,100785.4745,17.44%,
,,,,,,,,,,,,,,,,,Office Supplies,13.80%,,9,Sanjit Engle,"$12,209.44",,Medium,-58817.0047,-21.97%,
,,,,,,,,,,,,,,,,,Technology,15.61%,,10,Christopher Conant,"$12,129.07",,No Discount,320987.6032,34.02%,
,,,,,,,,,,,,,,Pivot 1 - Sales over Time,,,,,,11,Todd Sumrall,"$11,891.75",,Grand Total,286397.0217,12.03%,
,,,,,,,,,,,,,,Month,SUM of Sales,,,,,12,Greg Tran,"$11,820.12",,,,,
,,,,,,,,,,,,,,2014-01,"$14,236.90",,Pivot 4 - Sales by Region,,,13,Becky Martin,"$11,789.63",,,,,
,,,,,,,,,,,,,,2014-02,"$4,519.89",,Region,SUM of Sales,,14,Seth Vernon,"$11,470.95",,Customer_Segment,SUM of Profit,AVERAGE of Profit_Ratio,SUM of Sales
,,,,,,,,,,,,,,2014-03,"$55,691.01",,Central,"$501,239.89",,15,Caroline Jumper,"$11,164.97",,High,140313.0773,13.27%,"$911,958.27"
,,,,,,,,,,,,,,2014-04,"$28,295.35",,East,"$678,781.24",,16,Clay Ludtke,"$10,880.55",,Low,11173.9297,12.86%,"$92,333.13"
,,,,,,,,,,,,,,2014-05,"$23,648.29",,South,"$391,721.91",,17,Maria Etezadi,"$10,663.73",,Medium,134910.0147,11.49%,"$1,292,909.46"
,,,,,,,,,,,,,,2014-06,"$34,595.13",,West,"$725,457.82",,18,Karen Ferguson,"$10,604.27",,Grand Total,286397.0217,12.03%,"$2,297,200.86"
,,,,,,,,,,,,,,2014-07,"$33,946.39",,,,,19,Bill Shonely,"$10,501.65",,,,,
,,,,,,,,,,,,,,2014-08,"$27,909.47",,,,,20,Edward Hooks,"$10,310.88",,,,,
,,,,,,,,,,,,,,2014-09,"$81,777.35",,Pivot 5 - Customer Segment,,,,John Lee,"$9,799.92",,,,,
,,,,,,,,,,,,,,2014-10,"$31,453.39",,Customer_Segment,COUNTUNIQUE of Customer_Name,,,Grant Thornton,"$9,351.21",,,,,
,,,,,,,,,,,,,,2014-11,"$78,628.72",,High,117,,,Helen Wasserman,"$9,300.25",,,,,
,,,,,,,,,,,,,,2014-12,"$69,545.62",,Low,167,,,Tom Boeckenhauer,"$9,133.99",,,,,
,,,,,,,,,,,,,,2015-01,"$18,174.08",,Medium,509,,,Peter Fuller,"$9,062.86",,,,,
,,,,,,,,,,,,,,2015-02,"$11,951.41",,,,,,Christopher Martinez,"$8,954.02",,,,,
,,,,,,,,,,,,,,2015-03,"$38,726.25",,,,,,Justin Deggeller,"$8,828.03",,,,,
,,,,,,,,,,,,,,2015-04,"$34,195.21",,Pivot 7 - Sub-Category,,,,Joe Elijah,"$8,697.84",,,,,
,,,,,,,,,,,,,,2015-05,"$30,131.69",,Sub-Category,SUM of Sales,,,Laura Armstrong,"$8,673.22",,,,,
,,,,,,,,,,,,,,2015-06,"$24,797.29",,Phones,"$330,007.05",,,Pete Kriz,"$8,646.93",,,,,
,,,,,,,,,,,,,,2015-07,"$28,765.33",,Chairs,"$328,449.10",,,Daniel Raglin,"$8,350.87",,,,,
,,,,,,,,,,,,,,2015-08,"$36,898.33",,Storage,"$223,843.61",,,Natalie Fritzler,"$8,322.83",,,,,
,,,,,,,,,,,,,,2015-09,"$64,595.92",,Tables,"$206,965.53",,,Karen Daniels,"$8,282.36",,,,,
,,,,,,,,,,,,,,2015-10,"$31,404.92",,Binders,"$203,412.73",,,Nick Crebassa,"$8,241.74",,,,,
,,,,,,,,,,,,,,2015-11,"$75,972.56",,Machines,"$189,238.63",,,Harry Marie,"$8,236.76",,,,,
,,,,,,,,,,,,,,2015-12,"$74,919.52",,Accessories,"$167,380.32",,,Keith Dawkins,"$8,181.26",,,,,
,,,,,,,,,,,,,,2016-01,"$18,542.49",,Copiers,"$149,528.03",,,Sean Braxton,"$8,057.89",,,,,
,,,,,,,,,,,,,,2016-02,"$22,978.82",,Bookcases,"$114,880.00",,,Zuschuss Carroll,"$8,025.71",,,,,
,,,,,,,,,,,,,,2016-03,"$51,715.88",,Appliances,"$107,532.16",,,Joseph Holt,"$7,955.00",,,,,
,,,,,,,,,,,,,,2016-04,"$38,750.04",,Furnishings,"$91,705.16",,,Nora Preis,"$7,903.18",,,,,
,,,,,,,,,,,,,,2016-05,"$56,987.73",,Paper,"$78,479.21",,,Anna Häberlin,"$7,888.29",,,,,
,,,,,,,,,,,,,,2016-06,"$40,344.53",,Supplies,"$46,673.54",,,Adam Bellavance,"$7,755.62",,,,,
,,,,,,,,,,,,,,2016-07,"$39,261.96",,Art,"$27,118.79",,,Jim Epp,"$7,754.98",,,,,
,,,,,,,,,,,,,,2016-08,"$31,115.37",,Envelopes,"$16,476.40",,,Jane Waco,"$7,721.71",,,,,
,,,,,,,,,,,,,,2016-09,"$73,410.02",,Labels,"$12,486.31",,,Lena Creighton,"$7,663.13",,,,,
,,,,,,,,,,,,,,2016-10,"$59,687.75",,Fasteners,"$3,024.28",,,John Murray,"$7,625.08",,,,,
,,,,,,,,,,,,,,2016-11,"$79,411.97",,,,,,Jonathan Doherty,"$7,610.86",,,,,
,,,,,,,,,,,,,,2016-12,"$96,999.04",,,,,,Patrick O'Brill,"$7,473.83",,,,,
,,,,,,,,,,,,,,2017-01,"$43,971.37",,Pivot 8 - Sales by localization,,,,Maribeth Schnelling,"$7,443.69",,,,,
,,,,,,,,,,,,,,2017-02,"$20,301.13",,State,SUM of Sales,SUM of Profit,,Rick Wilson,"$7,397.40",,,,,
,,,,,,,,,,,,,,2017-03,"$58,872.35",,Alabama,"$19,510.64",5786.8253,,Brian Moss,"$7,294.19",,,,,
,,,,,,,,,,,,,,2017-04,"$36,521.54",,Arizona,"$35,282.00",-3427.9246,,Paul Prost,"$7,252.61",,,,,
,,,,,,,,,,,,,,2017-05,"$44,261.11",,Arkansas,"$11,678.13",4008.6871,,Natalie Webber,"$7,234.01",,,,,
,,,,,,,,,,,,,,2017-06,"$52,981.73",,California,"$457,687.63",76381.3871,,Dean Percer,"$7,198.76",,,,,
,,,,,,,,,,,,,,2017-07,"$45,264.42",,Colorado,"$32,108.12",-6527.8579,,Fred Hopkins,"$6,987.20",,,,,
,,,,,,,,,,,,,,2017-08,"$63,120.89",,Connecticut,"$13,384.36",3511.4918,,Rick Huthwaite,"$6,979.18",,,,,
,,,,,,,,,,,,,,2017-09,"$87,866.65",,Delaware,"$27,451.07",9977.3748,,Penelope Sewall,"$6,843.63",,,,,
,,,,,,,,,,,,,,2017-10,"$77,776.92",,District of Columbia,"$2,865.02",1059.5893,,Brenda Bowman,"$6,765.73",,,,,
,,,,,,,,,,,,,,2017-11,"$118,447.83",,Florida,"$89,473.71",-3399.3017,,Joel Eaton,"$6,760.82",,,,,
,,,,,,,,,,,,,,2017-12,"$83,829.32",,Georgia,"$49,095.84",16250.0433,,Yana Sorensen,"$6,720.44",,,,,
,,,,,,,,,,,,,,,,,Idaho,"$4,382.49",826.7231,,Andy Reiter,"$6,608.45",,,,,
,,,,,,,,,,,,,,,,,Illinois,"$80,166.10",-12607.887,,Dan Reichenbach,"$6,528.03",,,,,
,,,,,,,,,,,,,,,,,Indiana,"$53,555.36",18382.9363,,Grace Kelly,"$6,497.27",,,,,
,,,,,,,,,,,,,,,,,Iowa,"$4,579.76",1183.8119,,Joseph Airdo,"$6,491.03",,,,,
,,,,,,,,,,,,,,,,,Kansas,"$2,914.31",836.4435,,Nathan Mautz,"$6,459.34",,,,,
,,,,,,,,,,,,,,,,,Kentucky,"$36,591.75",11199.6966,,Valerie Dominguez,"$6,442.25",,,,,
,,,,,,,,,,,,,,,,,Louisiana,"$9,217.03",2196.1023,,Sarah Brown,"$6,411.00",,,,,
,,,,,,,,,,,,,,,,,Maine,"$1,270.53",454.4862,,James Galang,"$6,366.39",,,,,
,,,,,,,,,,,,,,,,,Maryland,"$23,705.52",7031.1788,,Darrin Martin,"$6,345.10",,,,,
,,,,,,,,,,,,,,,,,Massachusetts,"$28,634.43",6785.5016,,Corinna Mitchell,"$6,339.56",,,,,
,,,,,,,,,,,,,,,,,Michigan,"$76,269.61",24463.1876,,Max Jones,"$6,320.75",,,,,
,,,,,,,,,,,,,,,,,Minnesota,"$29,863.15",10823.1874,,Brosina Hoffman,"$6,255.35",,,,,
,,,,,,,,,,,,,,,,,Mississippi,"$10,771.34",3172.9762,,Rob Lucas,"$6,234.91",,,,,
,,,,,,,,,,,,,,,,,Missouri,"$22,205.15",6436.2105,,William Brown,"$6,160.10",,,,,
,,,,,,,,,,,,,,,,,Montana,"$5,589.35",1833.3285,,Victoria Wilson,"$6,134.04",,,,,
,,,,,,,,,,,,,,,,,Nebraska,"$7,464.93",2037.0942,,Shirley Daniels,"$6,121.11",,,,,
,,,,,,,,,,,,,,,,,Nevada,"$16,729.10",3316.7659,,Quincy Jones,"$6,108.34",,,,,
,,,,,,,,,,,,,,,,,New Hampshire,"$7,292.52",1706.5028,,Alan Dominguez,"$6,106.88",,,,,
,,,,,,,,,,,,,,,,,New Jersey,"$35,764.31",9772.9138,,Cassandra Brandow,"$6,076.14",,,,,
,,,,,,,,,,,,,,,,,New Mexico,"$4,783.52",1157.1161,,Greg Maxwell,"$6,049.97",,,,,
,,,,,,,,,,,,,,,,,New York,"$310,876.27",74038.5486,,Shahid Collister,"$5,992.54",,,,,
,,,,,,,,,,,,,,,,,North Carolina,"$55,603.16",-7490.9122,,Kristen Hastings,"$5,990.80",,,,,
,,,,,,,,,,,,,,,,,North Dakota,$919.91,230.1497,,Robert Marley,"$5,979.10",,,,,
,,,,,,,,,,,,,,,,,Ohio,"$78,258.14",-16971.3766,,Keith Herrera,"$5,952.86",,,,,
,,,,,,,,,,,,,,,,,Oklahoma,"$19,683.39",4853.956,,Ben Ferrer,"$5,907.97",,,,,
,,,,,,,,,,,,,,,,,Oregon,"$17,431.15",-1190.4705,,Christine Phan,"$5,888.28",,,,,
,,,,,,,,,,,,,,,,,Pennsylvania,"$116,511.91",-15559.9603,,Bill Donatelli,"$5,718.52",,,,,
,,,,,,,,,,,,,,,,,Rhode Island,"$22,627.96",7285.6293,,Cindy Stewart,"$5,690.06",,,,,
,,,,,,,,,,,,,,,,,South Carolina,"$8,481.71",1769.0566,,Anne Mcfarland,"$5,664.02",,,,,
,,,,,,,,,,,,,,,,,South Dakota,"$1,315.56",394.8283,,Ross Baird,"$5,633.32",,,,,
,,,,,,,,,,,,,,,,,Tennessee,"$30,661.87",-5341.6936,,Katherine Murray,"$5,620.19",,,,,
,,,,,,,,,,,,,,,,,Texas,"$170,188.05",-25729.3563,,Alex Avila,"$5,563.56",,,,,
,,,,,,,,,,,,,,,,,Utah,"$11,220.06",2546.5335,,Suzanne Mcnair,"$5,563.39",,,,,
,,,,,,,,,,,,,,,,,Vermont,"$8,929.37",2244.9783,,Naresj Patel,"$5,529.62",,,,,
,,,,,,,,,,,,,,,,,Virginia,"$70,636.72",18597.9504,,Amy Cox,"$5,527.85",,,,,
,,,,,,,,,,,,,,,,,Washington,"$138,641.27",33402.6517,,Mick Hernandez,"$5,503.09",,,,,
,,,,,,,,,,,,,,,,,West Virginia,"$1,209.82",185.9216,,Dennis Pardue,"$5,480.72",,,,,
,Sales by States (US),,,,,,,,,,,,,,,,Wisconsin,"$32,114.61",8401.8004,,Emily Phan,"$5,478.06",,,,,
,,,,,,,,,,,,,,,,,Wyoming,"$1,603.14",100.196,,Yoseph Carroll,"$5,454.35",,,,,
,,,,,,,,,,,,,,,,,,,,,Stefania Perrino,"$5,440.32",,,,,
,,,,,,,,,,,,,,,,,,,,,Luke Weiss,"$5,420.51",,,,,
,,,,,,,,,,,,,,,,,,,,,Cathy Prescott,"$5,402.25",,,,,
,,,,,,,,,,,,,,,,,,,,,Thomas Seio,"$5,371.09",,,,,
,,,,,,,,,,,,,,,,,,,,,Tonja Turnell,"$5,364.81",,,,,
,,,,,,,,,,,,,,,,,,,,,Mitch Webber,"$5,341.90",,,,,
,,,,,,,,,,,,,,,,,,,,,Tom Prescott,"$5,329.00",,,,,
,,,,,,,,,,,,,,,,,,,,,Tamara Willingham,"$5,278.83",,,,,
,,,,,,,,,,,,,,,,,,,,,Dianna Wilson,"$5,271.63",,,,,
,,,,,,,,,,,,,,,,,,,,,Mitch Willingham,"$5,253.88",,,,,
,,,,,,,,,,,,,,,,,,,,,Harold Ryan,"$5,248.79",,,,,
,,,,,,,,,,,,,,,,,,,,,Steven Cartwright,"$5,226.21",,,,,
,,,,,,,,,,,,,,,,,,,,,Resi Pölking,"$5,153.08",,,,,
,,,,,,,,,,,,,,,,,,,,,Lena Radford,"$5,142.89",,,,,
,,,,,,,,,,,,,,,,,,,,,Mike Pelletier,"$5,087.92",,,,,
,Profit by States (US),,,,,,,,,,,,,,,,,,,,Anna Andreadi,"$5,086.94",,,,,
,,,,,,,,,,,,,,,,,,,,,Ivan Liston,"$5,040.74",,,,,
,,,,,,,,,,,,,,,,,,,,,Kelly Lampkin,"$5,016.49",,,,,
,,,,,,,,,,,,,,,,,,,,,Laurel Beltran,"$4,985.68",,,,,
,,,,,,,,,,,,,,,,,,,,,Dave Hallsten,"$4,932.87",,,,,
,,,,,,,,,,,,,,,,,,,,,Irene Maddox,"$4,930.47",,,,,
,,,,,,,,,,,,,,,,,,,,,Ted Trevino,"$4,915.60",,,,,
,,,,,,,,,,,,,,,,,,,,,Kunst Miller,"$4,909.47",,,,,
,,,,,,,,,,,,,,,,,,,,,Philisse Overcash,"$4,893.04",,,,,
,,,,,,,,,,,,,,,,,,,,,Heather Kirkland,"$4,877.78",,,,,
,,,,,,,,,,,,,,,,,,,,,Anthony Jacobs,"$4,867.34",,,,,
,,,,,,,,,,,,,,,,,,,,,Joe Kamberova,"$4,867.20",,,,,
,,,,,,,,,,,,,,,,,,,,,Alan Hwang,"$4,805.34",,,,,
,,,,,,,,,,,,,,,,,,,,,Dean Katz,"$4,802.39",,,,,
,,,,,,,,,,,,,,,,,,,,,Russell Applegate,"$4,793.54",,,,,
,,,,,,,,,,,,,,,,,,,,,Sue Ann Reed,"$4,767.34",,,,,
,,,,,,,,,,,,,,,,,,,,,Jim Kriz,"$4,760.43",,,,,
,,,,,,,,,,,,,,,,,,,,,Bart Watters,"$4,750.36",,,,,
,,,,,,,,,,,,,,,,,,,,,Tracy Blumstein,"$4,737.49",,,,,
,,,,,,,,,,,,,,,,,,,,,Giulietta Baptist,"$4,716.29",,,,,
,,,,,,,,,,,,,,,,,,,,,Rick Bensley,"$4,715.47",,,,,
,,,,,,,,,,,,,,,,,,,,,Erin Smith,"$4,657.92",,,,,
,,,,,,,,,,,,,,,,,,,,,Deborah Brumfield,"$4,655.90",,,,,
,,,,,,,,,,,,,,,,,,,,,Kean Thornton,"$4,642.09",,,,,
,,,,,,,,,,,,,,,,,,,,,Sample Company A,"$4,624.57",,,,,
,,,,,,,,,,,,,,,,,,,,,Eugene Moren,"$4,588.44",,,,,
,,,,,,,,,,,,,,,,,,,,,Dave Brooks,"$4,531.65",,,,,
,,,,,,,,,,,,,,,,,,,,,Anthony Rawles,"$4,523.34",,,,,
,,,,,,,,,,,,,,,,,,,,,Arthur Gainer,"$4,510.80",,,,,
,,,,,,,,,,,,,,,,,,,,,Anthony Johnson,"$4,501.39",,,,,
,,,,,,,,,,,,,,,,,,,,,Linda Cazamias,"$4,492.95",,,,,
,,,,,,,,,,,,,,,,,,,,,Stewart Carmichael,"$4,492.66",,,,,
,,,,,,,,,,,,,,,,,,,,,Theone Pippenger,"$4,454.06",,,,,
,,,,,,,,,,,,,,,,,,,,,Mark Cousins,"$4,432.14",,,,,
,,,,,,,,,,,,,,,,,,,,,Jamie Kunitz,"$4,427.14",,,,,
,,,,,,,,,,,,,,,,,,,,,Katrina Willman,"$4,416.52",,,,,
,,,,,,,,,,,,,,,,,,,,,Bradley Drucker,"$4,411.24",,,,,
,,,,,,,,,,,,,,,,,,,,,Arianne Irving,"$4,375.79",,,,,
,,,,,,,,,,,,,,,,,,,,,Scot Coram,"$4,371.96",,,,,
,,,,,,,,,,,,,,,,,,,,,Ellis Ballard,"$4,358.13",,,,,
,,,,,,,,,,,,,,,,,,,,,Gary Zandusky,"$4,355.15",,,,,
,,,,,,,,,,,,,,,,,,,,,Steven Roelle,"$4,345.89",,,,,
,,,,,,,,,,,,,,,,,,,,,Natalie Decherney,"$4,326.14",,,,,
,,,,,,,,,,,,,,,,,,,,,Matt Abelman,"$4,299.16",,,,,
,Insights,,,,,,,,,,,,,,,,,,,,Sung Pak,"$4,282.94",,,,,
,"- Some States, such as Texas, generate high sales but low or negative profit, indicating potential inefficiencies or higher costs impacting probability.",,,,,,,,,,,,,,,,,,,,Dana Kaydos,"$4,282.18",,,,,
,"- Profitability varies significantly across product categories, with Technology showing the highest margins.",,,,,,,,,,,,,,,,,,,,Rick Duston,"$4,272.93",,,,,
,"- The top 10 customers represent approximately 6.7% of total revenu, indicating that revenue is relatively well distributed across customers.",,,,,,,,,,,,,,,,,,,,Toby Carlisle,"$4,266.81",,,,,
,"- Regional performance differs, with some areas generating strong sales but lower profitability.",,,,,,,,,,,,,,,,,,,,Alan Schoenberger,"$4,260.78",,,,,
,,,,,,,,,,,,,,,,,,,,,Frank Hawley,"$4,256.27",,,,,
,,,,,,,,,,,,,,,,,,,,,Claudia Bergmann,"$4,246.46",,,,,
,,,,,,,,,,,,,,,,,,,,,Tracy Hopkins,"$4,234.10",,,,,
,,,,,,,,,,,,,,,,,,,,,Bill Eplett,"$4,204.68",,,,,
,,,,,,,,,,,,,,,,,,,,,Jill Fjeld,"$4,198.33",,,,,
,,,,,,,,,,,,,,,,,,,,,Gary Hwang,"$4,172.85",,,,,
,,,,,,,,,,,,,,,,,,,,,Roland Schwarz,"$4,159.77",,,,,
,,,,,,,,,,,,,,,,,,,,,Muhammed Yedwab,"$4,152.70",,,,,
,,,,,,,,,,,,,,,,,,,,,Peter Mcvee,"$4,115.66",,,,,
,,,,,,,,,,,,,,,,,,,,,Stewart Visinsky,"$4,105.31",,,,,
,,,,,,,,,,,,,,,,,,,,,Denise Monton,"$4,074.47",,,,,
,,,,,,,,,,,,,,,,,,,,,Frank Preis,"$4,046.75",,,,,
,,,,,,,,,,,,,,,,,,,,,Susan Pistek,"$3,990.69",,,,,
,,,,,,,,,,,,,,,,,,,,,Craig Molinari,"$3,984.45",,,,,
,,,,,,,,,,,,,,,,,,,,,Michael Paige,"$3,983.64",,,,,
,,,,,,,,,,,,,,,,,,,,,Sean Christensen,"$3,979.07",,,,,
,,,,,,,,,,,,,,,,,,,,,Sanjit Jacobs,"$3,949.66",,,,,
,,,,,,,,,,,,,,,,,,,,,Luke Foster,"$3,930.51",,,,,
,,,,,,,,,,,,,,,,,,,,,Pierre Wener,"$3,922.42",,,,,
,,,,,,,,,,,,,,,,,,,,,George Ashbrook,"$3,919.78",,,,,
,,,,,,,,,,,,,,,,,,,,,Ken Heidel,"$3,918.97",,,,,
,,,,,,,,,,,,,,,,,,,,,Chris Cortes,"$3,913.42",,,,,
,,,,,,,,,,,,,,,,,,,,,Dorothy Badders,"$3,908.80",,,,,
,,,,,,,,,,,,,,,,,,,,,Nora Paige,"$3,908.40",,,,,
,,,,,,,,,,,,,,,,,,,,,Kelly Collister,"$3,908.26",,,,,
,,,,,,,,,,,,,,,,,,,,,Fred Chung,"$3,889.37",,,,,
,,,,,,,,,,,,,,,,,,,,,Bill Stewart,"$3,887.83",,,,,
,,,,,,,,,,,,,,,,,,,,,John Stevenson,"$3,868.02",,,,,
,,,,,,,,,,,,,,,,,,,,,Ruben Ausman,"$3,832.31",,,,,
,,,,,,,,,,,,,,,,,,,,,Annie Thurman,"$3,831.86",,,,,
,,,,,,,,,,,,,,,,,,,,,Olvera Toch,"$3,818.62",,,,,
,,,,,,,,,,,,,,,,,,,,,Rose O'Brian,"$3,815.48",,,,,
,,,,,,,,,,,,,,,,,,,,,Michael Chen,"$3,805.71",,,,,
,,,,,,,,,,,,,,,,,,,,,Michael Moore,"$3,794.08",,,,,
,,,,,,,,,,,,,,,,,,,,,Carol Adams,"$3,789.72",,,,,
,,,,,,,,,,,,,,,,,,,,,Matthew Grinstein,"$3,785.28",,,,,
,,,,,,,,,,,,,,,,,,,,,Maribeth Dona,"$3,766.38",,,,,
,,,,,,,,,,,,,,,,,,,,,Jim Karlsson,"$3,760.03",,,,,
,,,,,,,,,,,,,,,,,,,,,Juliana Krohn,"$3,747.67",,,,,
,,,,,,,,,,,,,,,,,,,,,Frank Merwin,"$3,736.20",,,,,
,,,,,,,,,,,,,,,,,,,,,Scott Cohen,"$3,729.79",,,,,
,,,,,,,,,,,,,,,,,,,,,Hunter Glantz,"$3,690.28",,,,,
,,,,,,,,,,,,,,,,,,,,,Ben Peterman,"$3,675.86",,,,,
,,,,,,,,,,,,,,,,,,,,,Liz Preis,"$3,653.40",,,,,
,,,,,,,,,,,,,,,,,,,,,Christopher Schild,"$3,651.86",,,,,
,,,,,,,,,,,,,,,,,,,,,Ed Braxton,"$3,644.98",,,,,
,,,,,,,,,,,,,,,,,,,,,Jeremy Pistek,"$3,635.59",,,,,
,,,,,,,,,,,,,,,,,,,,,Sam Zeldin,"$3,625.33",,,,,
,,,,,,,,,,,,,,,,,,,,,Rick Hansen,"$3,621.38",,,,,
,,,,,,,,,,,,,,,,,,,,,Thomas Boland,"$3,589.30",,,,,
,,,,,,,,,,,,,,,,,,,,,Gary Mcgarr,"$3,582.82",,,,,
,,,,,,,,,,,,,,,,,,,,,Dionis Lloyd,"$3,539.32",,,,,
,,,,,,,,,,,,,,,,,,,,,Erica Smith,"$3,510.46",,,,,
,,,,,,,,,,,,,,,,,,,,,Robert Waldorf,"$3,495.65",,,,,
,,,,,,,,,,,,,,,,,,,,,Anna Gayman,"$3,489.04",,,,,
,,,,,,,,,,,,,,,,,,,,,Emily Ducich,"$3,484.92",,,,,
,,,,,,,,,,,,,,,,,,,,,Pauline Webber,"$3,454.92",,,,,
,,,,,,,,,,,,,,,,,,,,,Sarah Foster,"$3,422.79",,,,,
,,,,,,,,,,,,,,,,,,,,,Frank Carlisle,"$3,418.74",,,,,
,,,,,,,,,,,,,,,,,,,,,Sally Hughsby,"$3,406.84",,,,,
,,,,,,,,,,,,,,,,,,,,,Sandra Glassco,"$3,406.58",,,,,
,,,,,,,,,,,,,,,,,,,,,Trudy Schmidt,"$3,368.09",,,,,
,,,,,,,,,,,,,,,,,,,,,Sam Craven,"$3,362.96",,,,,
,,,,,,,,,,,,,,,,,,,,,Victoria Pisteka,"$3,360.53",,,,,
,,,,,,,,,,,,,,,,,,,,,Doug Jacobs,"$3,356.40",,,,,
,,,,,,,,,,,,,,,,,,,,,Dianna Vittorini,"$3,341.59",,,,,
,,,,,,,,,,,,,,,,,,,,,Sylvia Foulston,"$3,336.54",,,,,
,,,,,,,,,,,,,,,,,,,,,Dan Campbell,"$3,336.17",,,,,
,,,,,,,,,,,,,,,,,,,,,Arthur Prichep,"$3,323.56",,,,,
,,,,,,,,,,,,,,,,,,,,,Dennis Kane,"$3,318.49",,,,,
,,,,,,,,,,,,,,,,,,,,,Katharine Harms,"$3,312.86",,,,,
,,,,,,,,,,,,,,,,,,,,,Randy Ferguson,"$3,309.15",,,,,
,,,,,,,,,,,,,,,,,,,,,Rick Reed,"$3,302.26",,,,,
,,,,,,,,,,,,,,,,,,,,,Brian Dahlen,"$3,288.47",,,,,
,,,,,,,,,,,,,,,,,,,,,Brian Stugart,"$3,288.11",,,,,
,,,,,,,,,,,,,,,,,,,,,Rob Williams,"$3,279.75",,,,,
,,,,,,,,,,,,,,,,,,,,,Daniel Lacy,"$3,272.20",,,,,
,,,,,,,,,,,,,,,,,,,,,Damala Kotsonis,"$3,256.48",,,,,
,,,,,,,,,,,,,,,,,,,,,Adam Shillingsburg,"$3,255.31",,,,,
,,,,,,,,,,,,,,,,,,,,,Jack O'Briant,"$3,254.95",,,,,
,,,,,,,,,,,,,,,,,,,,,Adam Hart,"$3,250.34",,,,,
,,,,,,,,,,,,,,,,,,,,,Henry Goldwyn,"$3,247.64",,,,,
,,,,,,,,,,,,,,,,,,,,,Lindsay Castell,"$3,246.63",,,,,
,,,,,,,,,,,,,,,,,,,,,Carol Triggs,"$3,241.90",,,,,
,,,,,,,,,,,,,,,,,,,,,Edward Becker,"$3,236.31",,,,,
,,,,,,,,,,,,,,,,,,,,,Sharelle Roach,"$3,233.48",,,,,
,,,,,,,,,,,,,,,,,,,,,Lindsay Williams,"$3,230.31",,,,,
,,,,,,,,,,,,,,,,,,,,,Ricardo Sperren,"$3,221.29",,,,,
,,,,,,,,,,,,,,,,,,,,,Alejandro Savely,"$3,214.24",,,,,
,,,,,,,,,,,,,,,,,,,,,Mark Packer,"$3,206.13",,,,,
,,,,,,,,,,,,,,,,,,,,,Christine Sundaresam,"$3,202.16",,,,,
,,,,,,,,,,,,,,,,,,,,,Brian Thompson,"$3,196.75",,,,,
,,,,,,,,,,,,,,,,,,,,,Deirdre Greer,"$3,195.82",,,,,
,,,,,,,,,,,,,,,,,,,,,Jeremy Lonsdale,"$3,173.87",,,,,
,,,,,,,,,,,,,,,,,,,,,Greg Matthias,"$3,163.63",,,,,
,,,,,,,,,,,,,,,,,,,,,Janet Martin,"$3,159.12",,,,,
,,,,,,,,,,,,,,,,,,,,,Chloris Kastensmidt,"$3,154.86",,,,,
,,,,,,,,,,,,,,,,,,,,,Karen Bern,"$3,152.62",,,,,
,,,,,,,,,,,,,,,,,,,,,Maxwell Schwartz,"$3,144.68",,,,,
,,,,,,,,,,,,,,,,,,,,,Ruben Dartt,"$3,133.92",,,,,
,,,,,,,,,,,,,,,,,,,,,Tanja Norvell,"$3,130.22",,,,,
,,,,,,,,,,,,,,,,,,,,,Steve Nguyen,"$3,127.96",,,,,
,,,,,,,,,,,,,,,,,,,,,Speros Goranitis,"$3,124.83",,,,,
,,,,,,,,,,,,,,,,,,,,,Katherine Hughes,"$3,100.61",,,,,
,,,,,,,,,,,,,,,,,,,,,Patrick Gardner,"$3,086.91",,,,,
,,,,,,,,,,,,,,,,,,,,,Eugene Hildebrand,"$3,082.65",,,,,
,,,,,,,,,,,,,,,,,,,,,Gary Mitchum,"$3,078.62",,,,,
,,,,,,,,,,,,,,,,,,,,,Eugene Barchas,"$3,071.13",,,,,
,,,,,,,,,,,,,,,,,,,,,Mike Gockenbach,"$3,061.54",,,,,
,,,,,,,,,,,,,,,,,,,,,Toby Gnade,"$3,058.37",,,,,
,,,,,,,,,,,,,,,,,,,,,Kean Takahito,"$3,057.10",,,,,
,,,,,,,,,,,,,,,,,,,,,Shahid Shariari,"$3,056.81",,,,,
,,,,,,,,,,,,,,,,,,,,,Sara Luxemburg,"$3,053.01",,,,,
,,,,,,,,,,,,,,,,,,,,,Aaron Smayling,"$3,050.69",,,,,
,,,,,,,,,,,,,,,,,,,,,Cynthia Arntzen,"$3,041.57",,,,,
,,,,,,,,,,,,,,,,,,,,,Carlos Soltero,"$3,036.55",,,,,
,,,,,,,,,,,,,,,,,,,,,Lindsay Shagiari,"$2,988.67",,,,,
,,,,,,,,,,,,,,,,,,,,,Michelle Huthwaite,"$2,984.95",,,,,
,,,,,,,,,,,,,,,,,,,,,Frank Atkinson,"$2,984.05",,,,,
,,,,,,,,,,,,,,,,,,,,,David Bremer,"$2,973.09",,,,,
,,,,,,,,,,,,,,,,,,,,,Noel Staavos,"$2,964.82",,,,,
,,,,,,,,,,,,,,,,,,,,,Tamara Manning,"$2,955.23",,,,,
,,,,,,,,,,,,,,,,,,,,,Christine Kargatis,"$2,945.32",,,,,
,,,,,,,,,,,,,,,,,,,,,Thea Hudgings,"$2,942.77",,,,,
,,,,,,,,,,,,,,,,,,,,,Liz Thompson,"$2,936.25",,,,,
,,,,,,,,,,,,,,,,,,,,,Becky Castell,"$2,933.68",,,,,
,,,,,,,,,,,,,,,,,,,,,Julie Kriz,"$2,932.48",,,,,
,,,,,,,,,,,,,,,,,,,,,Shaun Weien,"$2,921.54",,,,,
,,,,,,,,,,,,,,,,,,,,,Maris Laware,"$2,921.50",,,,,
,,,,,,,,,,,,,,,,,,,,,Rob Dowd,"$2,912.89",,,,,
,,,,,,,,,,,,,,,,,,,,,Craig Yedwab,"$2,900.03",,,,,
,,,,,,,,,,,,,,,,,,,,,Neil Ducich,"$2,893.46",,,,,
,,,,,,,,,,,,,,,,,,,,,Meg Tillman,"$2,890.14",,,,,
,,,,,,,,,,,,,,,,,,,,,Barry Französisch,"$2,888.51",,,,,
,,,,,,,,,,,,,,,,,,,,,David Smith,"$2,881.81",,,,,
,,,,,,,,,,,,,,,,,,,,,Paul Van Hugh,"$2,876.05",,,,,
,,,,,,,,,,,,,,,,,,,,,Ionia Mcgrath,"$2,872.63",,,,,
,,,,,,,,,,,,,,,,,,,,,Chuck Clark,"$2,870.05",,,,,
,,,,,,,,,,,,,,,,,,,,,Craig Carroll,"$2,854.12",,,,,
,,,,,,,,,,,,,,,,,,,,,Arthur Wiediger,"$2,852.97",,,,,
,,,,,,,,,,,,,,,,,,,,,Erin Ashbrook,"$2,846.71",,,,,
,,,,,,,,,,,,,,,,,,,,,Linda Southworth,"$2,845.27",,,,,
,,,,,,,,,,,,,,,,,,,,,Darren Budd,"$2,839.23",,,,,
,,,,,,,,,,,,,,,,,,,,,Justin Mackendrick,"$2,833.93",,,,,
,,,,,,,,,,,,,,,,,,,,,Christina Vanderzanden,"$2,830.63",,,,,
,,,,,,,,,,,,,,,,,,,,,Troy Staebel,"$2,820.42",,,,,
,,,,,,,,,,,,,,,,,,,,,Gary Hansen,"$2,819.47",,,,,
,,,,,,,,,,,,,,,,,,,,,Barry Gonzalez,"$2,798.95",,,,,
,,,,,,,,,,,,,,,,,,,,,Trudy Brown,"$2,797.67",,,,,
,,,,,,,,,,,,,,,,,,,,,Robert Dilbeck,"$2,786.63",,,,,
,,,,,,,,,,,,,,,,,,,,,John Castell,"$2,772.06",,,,,
,,,,,,,,,,,,,,,,,,,,,Philip Fox,"$2,770.00",,,,,
,,,,,,,,,,,,,,,,,,,,,Emily Burns,"$2,767.22",,,,,
,,,,,,,,,,,,,,,,,,,,,Chris Selesnick,"$2,754.22",,,,,
,,,,,,,,,,,,,,,,,,,,,Michelle Moray,"$2,749.88",,,,,
,,,,,,,,,,,,,,,,,,,,,Ken Black,"$2,744.74",,,,,
,,,,,,,,,,,,,,,,,,,,,Lauren Leatherbury,"$2,741.20",,,,,
,,,,,,,,,,,,,,,,,,,,,Marc Crier,"$2,725.98",,,,,
,,,,,,,,,,,,,,,,,,,,,John Lucas,"$2,725.26",,,,,
,,,,,,,,,,,,,,,,,,,,,Marina Lichtenstein,"$2,722.84",,,,,
,,,,,,,,,,,,,,,,,,,,,Jay Kimmel,"$2,709.63",,,,,
,,,,,,,,,,,,,,,,,,,,,Justin Ellison,"$2,697.25",,,,,
,,,,,,,,,,,,,,,,,,,,,Bradley Talbott,"$2,684.49",,,,,
,,,,,,,,,,,,,,,,,,,,,Bill Overfelt,"$2,682.73",,,,,
,,,,,,,,,,,,,,,,,,,,,Frank Olsen,"$2,678.44",,,,,
,,,,,,,,,,,,,,,,,,,,,Nicole Hansen,"$2,673.29",,,,,
,,,,,,,,,,,,,,,,,,,,,Richard Bierner,"$2,663.09",,,,,
,,,,,,,,,,,,,,,,,,,,,Eva Jacobs,"$2,656.69",,,,,
,,,,,,,,,,,,,,,,,,,,,Dave Kipp,"$2,650.56",,,,,
,,,,,,,,,,,,,,,,,,,,,Christina Anderson,"$2,648.29",,,,,
,,,,,,,,,,,,,,,,,,,,,Logan Currie,"$2,633.58",,,,,
,,,,,,,,,,,,,,,,,,,,,Ralph Arnett,"$2,617.91",,,,,
,,,,,,,,,,,,,,,,,,,,,Katherine Nockton,"$2,617.27",,,,,
,,,,,,,,,,,,,,,,,,,,,Sean O'Donnell,"$2,602.58",,,,,
,,,,,,,,,,,,,,,,,,,,,Stephanie Ulpright,"$2,595.36",,,,,
,,,,,,,,,,,,,,,,,,,,,Helen Andreada,"$2,584.16",,,,,
,,,,,,,,,,,,,,,,,,,,,Alejandro Grove,"$2,582.90",,,,,
,,,,,,,,,,,,,,,,,,,,,Lena Cacioppo,"$2,580.70",,,,,
,,,,,,,,,,,,,,,,,,,,,Steve Chapman,"$2,576.41",,,,,
,,,,,,,,,,,,,,,,,,,,,Neola Schneider,"$2,575.86",,,,,
,,,,,,,,,,,,,,,,,,,,,Beth Thompson,"$2,567.66",,,,,
,,,,,,,,,,,,,,,,,,,,,Eleni Mccrary,"$2,567.01",,,,,
,,,,,,,,,,,,,,,,,,,,,Mary Zewe,"$2,564.91",,,,,
,,,,,,,,,,,,,,,,,,,,,Bruce Stewart,"$2,562.38",,,,,
,,,,,,,,,,,,,,,,,,,,,Deanra Eno,"$2,550.87",,,,,
,,,,,,,,,,,,,,,,,,,,,Corey Catlett,"$2,540.63",,,,,
,,,,,,,,,,,,,,,,,,,,,Ann Chong,"$2,537.69",,,,,
,,,,,,,,,,,,,,,,,,,,,Charles Mccrossin,"$2,533.31",,,,,
,,,,,,,,,,,,,,,,,,,,,Herbert Flentye,"$2,533.16",,,,,
,,,,,,,,,,,,,,,,,,,,,Fred Mcmath,"$2,523.27",,,,,
,,,,,,,,,,,,,,,,,,,,,Julia Barnett,"$2,518.12",,,,,
,,,,,,,,,,,,,,,,,,,,,Joy Smith,"$2,516.49",,,,,
,,,,,,,,,,,,,,,,,,,,,Don Jones,"$2,501.69",,,,,
,,,,,,,,,,,,,,,,,,,,,Amy Hunt,"$2,495.39",,,,,
,,,,,,,,,,,,,,,,,,,,,Patrick O'Donnell,"$2,493.21",,,,,
,,,,,,,,,,,,,,,,,,,,,Nick Zandusky,"$2,488.31",,,,,
,,,,,,,,,,,,,,,,,,,,,Michael Nguyen,"$2,477.95",,,,,
,,,,,,,,,,,,,,,,,,,,,Beth Paige,"$2,475.16",,,,,
,,,,,,,,,,,,,,,,,,,,,Charles Crestani,"$2,471.65",,,,,
,,,,,,,,,,,,,,,,,,,,,Nat Carroll,"$2,461.40",,,,,
,,,,,,,,,,,,,,,,,,,,,Filia Mcadams,"$2,456.64",,,,,
,,,,,,,,,,,,,,,,,,,,,Mark Hamilton,"$2,456.18",,,,,
,,,,,,,,,,,,,,,,,,,,,Brendan Sweed,"$2,454.93",,,,,
,,,,,,,,,,,,,,,,,,,,,Valerie Mitchum,"$2,454.87",,,,,
,,,,,,,,,,,,,,,,,,,,,George Zrebassa,"$2,454.62",,,,,
,,,,,,,,,,,,,,,,,,,,,Michelle Arnett,"$2,453.28",,,,,
,,,,,,,,,,,,,,,,,,,,,Bart Pistole,"$2,442.04",,,,,
,,,,,,,,,,,,,,,,,,,,,Matt Collister,"$2,426.07",,,,,
,,,,,,,,,,,,,,,,,,,,,Thea Hendricks,"$2,422.82",,,,,
,,,,,,,,,,,,,,,,,,,,,Marc Harrigan,"$2,394.03",,,,,
,,,,,,,,,,,,,,,,,,,,,David Flashing,"$2,390.53",,,,,
,,,,,,,,,,,,,,,,,,,,,Xylona Preis,"$2,374.66",,,,,
,,,,,,,,,,,,,,,,,,,,,Clytie Kelty,"$2,372.75",,,,,
,,,,,,,,,,,,,,,,,,,,,Jennifer Ferguson,"$2,371.45",,,,,
,,,,,,,,,,,,,,,,,,,,,Cynthia Voltz,"$2,370.31",,,,,
,,,,,,,,,,,,,,,,,,,,,Nick Radford,"$2,367.28",,,,,
,,,,,,,,,,,,,,,,,,,,,Jack Garza,"$2,358.68",,,,,
,,,,,,,,,,,,,,,,,,,,,Andrew Gjertsen,"$2,356.86",,,,,
,,,,,,,,,,,,,,,,,,,,,Craig Leslie,"$2,353.59",,,,,
,,,,,,,,,,,,,,,,,,,,,Maureen Gastineau,"$2,350.19",,,,,
,,,,,,,,,,,,,,,,,,,,,Roland Fjeld,"$2,341.30",,,,,
,,,,,,,,,,,,,,,,,,,,,Elizabeth Moffitt,"$2,339.60",,,,,
,,,,,,,,,,,,,,,,,,,,,Dean Braden,"$2,332.58",,,,,
,,,,,,,,,,,,,,,,,,,,,Chris Mcafee,"$2,305.71",,,,,
,,,,,,,,,,,,,,,,,,,,,Michael Kennedy,"$2,302.37",,,,,
,,,,,,,,,,,,,,,,,,,,,Lena Hernandez,"$2,295.33",,,,,
,,,,,,,,,,,,,,,,,,,,,Kristina Nunn,"$2,280.58",,,,,
,,,,,,,,,,,,,,,,,,,,,Jamie Frazer,"$2,279.59",,,,,
,,,,,,,,,,,,,,,,,,,,,Fred Harton,"$2,271.28",,,,,
,,,,,,,,,,,,,,,,,,,,,Craig Carreira,"$2,269.70",,,,,
,,,,,,,,,,,,,,,,,,,,,Bobby Elias,"$2,261.44",,,,,
,,,,,,,,,,,,,,,,,,,,,Kalyca Meade,"$2,260.96",,,,,
,,,,,,,,,,,,,,,,,,,,,Matt Connell,"$2,258.19",,,,,
,,,,,,,,,,,,,,,,,,,,,Justin Hirsh,"$2,256.39",,,,,
,,,,,,,,,,,,,,,,,,,,,Maribeth Yedwab,"$2,254.29",,,,,
,,,,,,,,,,,,,,,,,,,,,Ken Dana,"$2,243.51",,,,,
,,,,,,,,,,,,,,,,,,,,,Tony Sayre,"$2,243.27",,,,,
,,,,,,,,,,,,,,,,,,,,,Jason Gross,"$2,240.58",,,,,
,,,,,,,,,,,,,,,,,,,,,Laurel Workman,"$2,238.06",,,,,
,,,,,,,,,,,,,,,,,,,,,Allen Rosenblatt,"$2,236.13",,,,,
,,,,,,,,,,,,,,,,,,,,,Greg Guthrie,"$2,224.00",,,,,
,,,,,,,,,,,,,,,,,,,,,Nathan Cano,"$2,218.99",,,,,
,,,,,,,,,,,,,,,,,,,,,Mick Crebagga,"$2,218.98",,,,,
,,,,,,,,,,,,,,,,,,,,,Dave Poirier,"$2,215.00",,,,,
,,,,,,,,,,,,,,,,,,,,,Phillip Flathmann,"$2,206.13",,,,,
,,,,,,,,,,,,,,,,,,,,,Maya Herman,"$2,203.78",,,,,
,,,,,,,,,,,,,,,,,,,,,Janet Lee,"$2,203.70",,,,,
,,,,,,,,,,,,,,,,,,,,,Justin Ritter,"$2,201.69",,,,,
,,,,,,,,,,,,,,,,,,,,,Edward Nazzal,"$2,199.37",,,,,
,,,,,,,,,,,,,,,,,,,,,Toby Braunhardt,"$2,198.45",,,,,
,,,,,,,,,,,,,,,,,,,,,Giulietta Weimer,"$2,189.02",,,,,
,,,,,,,,,,,,,,,,,,,,,Bill Tyler,"$2,186.61",,,,,
,,,,,,,,,,,,,,,,,,,,,Pamela Stobb,"$2,181.48",,,,,
,,,,,,,,,,,,,,,,,,,,,Shahid Hopkins,"$2,180.72",,,,,
,,,,,,,,,,,,,,,,,,,,,Kean Nguyen,"$2,171.96",,,,,
,,,,,,,,,,,,,,,,,,,,,Daniel Byrd,"$2,171.60",,,,,
,,,,,,,,,,,,,,,,,,,,,Roy Phan,"$2,170.72",,,,,
,,,,,,,,,,,,,,,,,,,,,Theresa Swint,"$2,163.62",,,,,
,,,,,,,,,,,,,,,,,,,,,Helen Abelman,"$2,163.30",,,,,
,,,,,,,,,,,,,,,,,,,,,Ed Jacobs,"$2,162.17",,,,,
,,,,,,,,,,,,,,,,,,,,,Neoma Murray,"$2,161.98",,,,,
,,,,,,,,,,,,,,,,,,,,,John Dryer,"$2,152.35",,,,,
,,,,,,,,,,,,,,,,,,,,,Clay Rozendal,"$2,148.85",,,,,
,,,,,,,,,,,,,,,,,,,,,Duane Noonan,"$2,139.79",,,,,
,,,,,,,,,,,,,,,,,,,,,Karen Carlisle,"$2,120.95",,,,,
,,,,,,,,,,,,,,,,,,,,,Stefanie Holloman,"$2,096.39",,,,,
,,,,,,,,,,,,,,,,,,,,,Liz Carlisle,"$2,095.06",,,,,
,,,,,,,,,,,,,,,,,,,,,Rob Haberlin,"$2,085.74",,,,,
,,,,,,,,,,,,,,,,,,,,,Trudy Glocke,"$2,074.66",,,,,
,,,,,,,,,,,,,,,,,,,,,Max Ludwig,"$2,071.91",,,,,
,,,,,,,,,,,,,,,,,,,,,Roger Barcio,"$2,067.45",,,,,
,,,,,,,,,,,,,,,,,,,,,Tom Stivers,"$2,054.14",,,,,
,,,,,,,,,,,,,,,,,,,,,Art Ferguson,"$2,052.91",,,,,
,,,,,,,,,,,,,,,,,,,,,Carlos Daly,"$2,033.97",,,,,
,,,,,,,,,,,,,,,,,,,,,Nicole Fjeld,"$2,031.47",,,,,
,,,,,,,,,,,,,,,,,,,,,Denny Joy,"$2,012.52",,,,,
,,,,,,,,,,,,,,,,,,,,,Victoria Brennan,"$2,005.60",,,,,
,,,,,,,,,,,,,,,,,,,,,Harold Pawlan,"$1,990.31",,,,,
,,,,,,,,,,,,,,,,,,,,,Doug Bickford,"$1,989.05",,,,,
,,,,,,,,,,,,,,,,,,,,,Paul Gonzalez,"$1,987.16",,,,,
,,,,,,,,,,,,,,,,,,,,,Nona Balk,"$1,972.60",,,,,
,,,,,,,,,,,,,,,,,,,,,Scott Williamson,"$1,966.65",,,,,
,,,,,,,,,,,,,,,,,,,,,Lisa Decherney,"$1,961.93",,,,,
,,,,,,,,,,,,,,,,,,,,,Christy Brittain,"$1,949.20",,,,,
,,,,,,,,,,,,,,,,,,,,,Tracy Poddar,"$1,936.64",,,,,
,,,,,,,,,,,,,,,,,,,,,Jas O'Carroll,"$1,934.27",,,,,
,,,,,,,,,,,,,,,,,,,,,Jay Fein,"$1,911.84",,,,,
,,,,,,,,,,,,,,,,,,,,,Max Engle,"$1,908.45",,,,,
,,,,,,,,,,,,,,,,,,,,,Susan Vittorini,"$1,903.49",,,,,
,,,,,,,,,,,,,,,,,,,,,Katherine Ducich,"$1,888.96",,,,,
,,,,,,,,,,,,,,,,,,,,,Giulietta Dortch,"$1,888.07",,,,,
,,,,,,,,,,,,,,,,,,,,,Sheri Gordon,"$1,884.80",,,,,
,,,,,,,,,,,,,,,,,,,,,Lisa Ryan,"$1,879.31",,,,,
,,,,,,,,,,,,,,,,,,,,,Shaun Chance,"$1,875.00",,,,,
,,,,,,,,,,,,,,,,,,,,,Brooke Gillingham,"$1,874.17",,,,,
,,,,,,,,,,,,,,,,,,,,,Stephanie Phelps,"$1,872.44",,,,,
,,,,,,,,,,,,,,,,,,,,,Nat Gilpin,"$1,869.58",,,,,
,,,,,,,,,,,,,,,,,,,,,Cynthia Delaney,"$1,860.73",,,,,
,,,,,,,,,,,,,,,,,,,,,Skye Norling,"$1,860.42",,,,,
,,,,,,,,,,,,,,,,,,,,,Patrick Ryan,"$1,840.18",,,,,
,,,,,,,,,,,,,,,,,,,,,Ashley Jarboe,"$1,839.24",,,,,
,,,,,,,,,,,,,,,,,,,,,Pamela Coakley,"$1,832.06",,,,,
,,,,,,,,,,,,,,,,,,,,,Emily Grady,"$1,832.02",,,,,
,,,,,,,,,,,,,,,,,,,,,Pauline Johnson,"$1,824.23",,,,,
,,,,,,,,,,,,,,,,,,,,,Noah Childs,"$1,821.74",,,,,
,,,,,,,,,,,,,,,,,,,,,Janet Molinari,"$1,804.15",,,,,
,,,,,,,,,,,,,,,,,,,,,Jennifer Braxton,"$1,791.61",,,,,
,,,,,,,,,,,,,,,,,,,,,Andrew Allen,"$1,790.51",,,,,
,,,,,,,,,,,,,,,,,,,,,Chad Cunningham,"$1,770.95",,,,,
,,,,,,,,,,,,,,,,,,,,,Darrin Sayre,"$1,762.21",,,,,
,,,,,,,,,,,,,,,,,,,,,Monica Federle,"$1,758.30",,,,,
,,,,,,,,,,,,,,,,,,,,,Aaron Hawkins,"$1,744.70",,,,,
,,,,,,,,,,,,,,,,,,,,,Logan Haushalter,"$1,739.69",,,,,
,,,,,,,,,,,,,,,,,,,,,Ben Wallace,"$1,738.41",,,,,
,,,,,,,,,,,,,,,,,,,,,Valerie Takahito,"$1,736.60",,,,,
,,,,,,,,,,,,,,,,,,,,,Adrian Hane,"$1,735.51",,,,,
,,,,,,,,,,,,,,,,,,,,,Mike Vittorini,"$1,734.57",,,,,
,,,,,,,,,,,,,,,,,,,,,Jessica Myrick,"$1,733.44",,,,,
,,,,,,,,,,,,,,,,,,,,,Brad Eason,"$1,727.65",,,,,
,,,,,,,,,,,,,,,,,,,,,Denny Blanton,"$1,711.69",,,,,
,,,,,,,,,,,,,,,,,,,,,Julie Prescott,"$1,707.71",,,,,
,,,,,,,,,,,,,,,,,,,,,Tracy Zic,"$1,707.29",,,,,
,,,,,,,,,,,,,,,,,,,,,Becky Pak,"$1,697.86",,,,,
,,,,,,,,,,,,,,,,,,,,,Darren Koutras,"$1,687.04",,,,,
,,,,,,,,,,,,,,,,,,,,,Meg O'Connel,"$1,687.03",,,,,
,,,,,,,,,,,,,,,,,,,,,Ryan Akin,"$1,686.92",,,,,
,,,,,,,,,,,,,,,,,,,,,Katrina Edelman,"$1,686.73",,,,,
,,,,,,,,,,,,,,,,,,,,,Cathy Armstrong,"$1,679.72",,,,,
,,,,,,,,,,,,,,,,,,,,,Candace Mcmahon,"$1,673.89",,,,,
,,,,,,,,,,,,,,,,,,,,,Jennifer Patt,"$1,669.14",,,,,
,,,,,,,,,,,,,,,,,,,,,Chad Mcguire,"$1,661.61",,,,,
,,,,,,,,,,,,,,,,,,,,,Cindy Chapman,"$1,659.44",,,,,
,,,,,,,,,,,,,,,,,,,,,Erica Bern,"$1,643.26",,,,,
,,,,,,,,,,,,,,,,,,,,,Anne Pryor,"$1,638.55",,,,,
,,,,,,,,,,,,,,,,,,,,,Annie Zypern,"$1,622.02",,,,,
,,,,,,,,,,,,,,,,,,,,,Maurice Satty,"$1,613.40",,,,,
,,,,,,,,,,,,,,,,,,,,,Tim Brockman,"$1,602.38",,,,,
,,,,,,,,,,,,,,,,,,,,,Craig Reiter,"$1,600.55",,,,,
,,,,,,,,,,,,,,,,,,,,,Alan Haines,"$1,587.45",,,,,
,,,,,,,,,,,,,,,,,,,,,Benjamin Farhat,"$1,585.16",,,,,
,,,,,,,,,,,,,,,,,,,,,Cyma Kinney,"$1,582.11",,,,,
,,,,,,,,,,,,,,,,,,,,,Mike Caudle,"$1,582.00",,,,,
,,,,,,,,,,,,,,,,,,,,,James Lanier,"$1,571.52",,,,,
,,,,,,,,,,,,,,,,,,,,,Karl Braun,"$1,569.46",,,,,
,,,,,,,,,,,,,,,,,,,,,George Bell,"$1,568.44",,,,,
,,,,,,,,,,,,,,,,,,,,,Odella Nelson,"$1,567.52",,,,,
,,,,,,,,,,,,,,,,,,,,,Mark Van Huff,"$1,560.05",,,,,
,,,,,,,,,,,,,,,,,,,,,Maria Bertelson,"$1,548.70",,,,,
,,,,,,,,,,,,,,,,,,,,,Brian Decherney,"$1,538.11",,,,,
,,,,,,,,,,,,,,,,,,,,,Cathy Hwang,"$1,537.24",,,,,
,,,,,,,,,,,,,,,,,,,,,Bruce Degenhardt,"$1,526.50",,,,,
,,,,,,,,,,,,,,,,,,,,,Benjamin Venier,"$1,523.27",,,,,
,,,,,,,,,,,,,,,,,,,,,Kelly Andreada,"$1,519.51",,,,,
,,,,,,,,,,,,,,,,,,,,,Ann Blume,"$1,515.86",,,,,
,,,,,,,,,,,,,,,,,,,,,John Grady,"$1,507.02",,,,,
,,,,,,,,,,,,,,,,,,,,,Dan Lawera,"$1,503.11",,,,,
,,,,,,,,,,,,,,,,,,,,,Zuschuss Donatelli,"$1,493.94",,,,,
,,,,,,,,,,,,,,,,,,,,,Charlotte Melton,"$1,475.14",,,,,
,,,,,,,,,,,,,,,,,,,,,Laurel Elliston,"$1,469.45",,,,,
,,,,,,,,,,,,,,,,,,,,,Ted Butterfield,"$1,467.88",,,,,
,,,,,,,,,,,,,,,,,,,,,Parhena Norris,"$1,467.15",,,,,
,,,,,,,,,,,,,,,,,,,,,Ralph Kennedy,"$1,460.19",,,,,
,,,,,,,,,,,,,,,,,,,,,Bradley Nguyen,"$1,459.34",,,,,
,,,,,,,,,,,,,,,,,,,,,Delfina Latchford,"$1,458.26",,,,,
,,,,,,,,,,,,,,,,,,,,,Philip Brown,"$1,456.95",,,,,
,,,,,,,,,,,,,,,,,,,,,Andy Gerbode,"$1,455.04",,,,,
,,,,,,,,,,,,,,,,,,,,,Raymond Messe,"$1,453.47",,,,,
,,,,,,,,,,,,,,,,,,,,,Paul Knutson,"$1,441.15",,,,,
,,,,,,,,,,,,,,,,,,,,,Tamara Dahlen,"$1,434.55",,,,,
,,,,,,,,,,,,,,,,,,,,,Julia West,"$1,428.73",,,,,
,,,,,,,,,,,,,,,,,,,,,Mick Brown,"$1,428.23",,,,,
,,,,,,,,,,,,,,,,,,,,,Thomas Thornton,"$1,427.04",,,,,
,,,,,,,,,,,,,,,,,,,,,Christine Abelman,"$1,421.95",,,,,
,,,,,,,,,,,,,,,,,,,,,Roger Demir,"$1,419.74",,,,,
,,,,,,,,,,,,,,,,,,,,,Nancy Lomonaco,"$1,418.09",,,,,
,,,,,,,,,,,,,,,,,,,,,Jill Stevenson,"$1,417.65",,,,,
,,,,,,,,,,,,,,,,,,,,,Paul Macintyre,"$1,405.40",,,,,
,,,,,,,,,,,,,,,,,,,,,Guy Armstrong,"$1,398.38",,,,,
,,,,,,,,,,,,,,,,,,,,,Cyra Reiten,"$1,397.87",,,,,
,,,,,,,,,,,,,,,,,,,,,Nathan Gelder,"$1,395.94",,,,,
,,,,,,,,,,,,,,,,,,,,,Jeremy Ellison,"$1,388.68",,,,,
,,,,,,,,,,,,,,,,,,,,,Troy Blackwell,"$1,387.56",,,,,
,,,,,,,,,,,,,,,,,,,,,Frank Gastineau,"$1,383.14",,,,,
,,,,,,,,,,,,,,,,,,,,,Don Miller,"$1,376.79",,,,,
,,,,,,,,,,,,,,,,,,,,,Gene Hale,"$1,361.24",,,,,
,,,,,,,,,,,,,,,,,,,,,Sarah Bern,"$1,348.02",,,,,
,,,,,,,,,,,,,,,,,,,,,Liz Mackendrick,"$1,346.77",,,,,
,,,,,,,,,,,,,,,,,,,,,Maureen Gnade,"$1,342.28",,,,,
,,,,,,,,,,,,,,,,,,,,,Sarah Jordon,"$1,341.04",,,,,
,,,,,,,,,,,,,,,,,,,,,Bryan Mills,"$1,338.84",,,,,
,,,,,,,,,,,,,,,,,,,,,Barry Franz,"$1,333.88",,,,,
,,,,,,,,,,,,,,,,,,,,,Saphhira Shifley,"$1,324.03",,,,,
,,,,,,,,,,,,,,,,,,,,,Dario Medina,"$1,322.03",,,,,
,,,,,,,,,,,,,,,,,,,,,Michelle Tran,"$1,319.45",,,,,
,,,,,,,,,,,,,,,,,,,,,Shirley Jackson,"$1,318.78",,,,,
,,,,,,,,,,,,,,,,,,,,,Magdelene Morse,"$1,314.02",,,,,
,,,,,,,,,,,,,,,,,,,,,Sibella Parks,"$1,306.09",,,,,
,,,,,,,,,,,,,,,,,,,,,Matt Collins,"$1,303.89",,,,,
,,,,,,,,,,,,,,,,,,,,,Eileen Kiefer,"$1,303.48",,,,,
,,,,,,,,,,,,,,,,,,,,,Corey-Lock,"$1,300.08",,,,,
,,,,,,,,,,,,,,,,,,,,,Denny Ordway,"$1,300.03",,,,,
,,,,,,,,,,,,,,,,,,,,,Hallie Redmond,"$1,299.29",,,,,
,,,,,,,,,,,,,,,,,,,,,Georgia Rosenberg,"$1,284.38",,,,,
,,,,,,,,,,,,,,,,,,,,,Cari Sayre,"$1,278.95",,,,,
,,,,,,,,,,,,,,,,,,,,,Paul Stevenson,"$1,278.64",,,,,
,,,,,,,,,,,,,,,,,,,,,Stuart Van,"$1,271.09",,,,,
,,,,,,,,,,,,,,,,,,,,,Doug O'Connell,"$1,267.32",,,,,
,,,,,,,,,,,,,,,,,,,,,Carl Ludwig,"$1,262.01",,,,,
,,,,,,,,,,,,,,,,,,,,,Liz Willingham,"$1,259.04",,,,,
,,,,,,,,,,,,,,,,,,,,,Michelle Ellison,"$1,256.94",,,,,
,,,,,,,,,,,,,,,,,,,,,Gene Mcclure,"$1,255.68",,,,,
,,,,,,,,,,,,,,,,,,,,,Steve Carroll,"$1,254.64",,,,,
,,,,,,,,,,,,,,,,,,,,,Matt Hagelstein,"$1,252.80",,,,,
,,,,,,,,,,,,,,,,,,,,,Elpida Rittenbach,"$1,245.79",,,,,
,,,,,,,,,,,,,,,,,,,,,Tony Chapman,"$1,244.98",,,,,
,,,,,,,,,,,,,,,,,,,,,Joni Wasserman,"$1,244.09",,,,,
,,,,,,,,,,,,,,,,,,,,,Michael Grace,"$1,242.83",,,,,
,,,,,,,,,,,,,,,,,,,,,Nora Pelletier,"$1,228.70",,,,,
,,,,,,,,,,,,,,,,,,,,,Patrick Jones,"$1,220.09",,,,,
,,,,,,,,,,,,,,,,,,,,,Erica Hernandez,"$1,219.53",,,,,
,,,,,,,,,,,,,,,,,,,,,Jack Lebron,"$1,214.96",,,,,
,,,,,,,,,,,,,,,,,,,,,Christina Demoss,"$1,205.58",,,,,
,,,,,,,,,,,,,,,,,,,,,Michael Dominguez,"$1,204.91",,,,,
,,,,,,,,,,,,,,,,,,,,,Dorothy Wardle,"$1,204.85",,,,,
,,,,,,,,,,,,,,,,,,,,,Evan Bailliet,"$1,186.33",,,,,
,,,,,,,,,,,,,,,,,,,,,Benjamin Patterson,"$1,181.49",,,,,
,,,,,,,,,,,,,,,,,,,,,Debra Catini,"$1,174.62",,,,,
,,,,,,,,,,,,,,,,,,,,,Alyssa Tate,"$1,171.81",,,,,
,,,,,,,,,,,,,,,,,,,,,Jim Radford,"$1,156.66",,,,,
,,,,,,,,,,,,,,,,,,,,,Duane Benoit,"$1,155.20",,,,,
,,,,,,,,,,,,,,,,,,,,,Claire Gute,"$1,148.78",,,,,
,,,,,,,,,,,,,,,,,,,,,Kimberly Carter,"$1,146.05",,,,,
,,,,,,,,,,,,,,,,,,,,,Ross Devincentis,"$1,137.62",,,,,
,,,,,,,,,,,,,,,,,,,,,Carl Weiss,"$1,136.59",,,,,
,,,,,,,,,,,,,,,,,,,,,Jim Sink,"$1,131.06",,,,,
,,,,,,,,,,,,,,,,,,,,,Darrin Van Huff,"$1,119.48",,,,,
,,,,,,,,,,,,,,,,,,,,,Alan Barnes,"$1,113.84",,,,,
,,,,,,,,,,,,,,,,,,,,,Tony Molinari,"$1,094.68",,,,,
,,,,,,,,,,,,,,,,,,,,,Jesus Ocampo,"$1,090.84",,,,,
,,,,,,,,,,,,,,,,,,,,,Scot Wooten,"$1,085.08",,,,,
,,,,,,,,,,,,,,,,,,,,,Jeremy Farry,"$1,082.92",,,,,
,,,,,,,,,,,,,,,,,,,,,Dennis Bolton,"$1,081.47",,,,,
,,,,,,,,,,,,,,,,,,,,,David Wiener,"$1,080.75",,,,,
,,,,,,,,,,,,,,,,,,,,,Cindy Schnelling,"$1,077.23",,,,,
,,,,,,,,,,,,,,,,,,,,,Pauline Chand,"$1,061.49",,,,,
,,,,,,,,,,,,,,,,,,,,,David Philippe,"$1,058.62",,,,,
,,,,,,,,,,,,,,,,,,,,,Jenna Caffey,"$1,058.11",,,,,
,,,,,,,,,,,,,,,,,,,,,Phillina Ober,"$1,056.86",,,,,
,,,,,,,,,,,,,,,,,,,,,Allen Armold,"$1,056.39",,,,,
,,,,,,,,,,,,,,,,,,,,,Vivek Sundaresam,"$1,055.98",,,,,
,,,,,,,,,,,,,,,,,,,,,Alex Russell,"$1,055.69",,,,,
,,,,,,,,,,,,,,,,,,,,,Darren Powers,"$1,050.64",,,,,
,,,,,,,,,,,,,,,,,,,,,Duane Huffman,"$1,043.10",,,,,
,,,,,,,,,,,,,,,,,,,,,Susan Mackendrick,"$1,043.04",,,,,
,,,,,,,,,,,,,,,,,,,,,Eudokia Martin,"$1,041.04",,,,,
,,,,,,,,,,,,,,,,,,,,,Theresa Coyne,"$1,038.26",,,,,
,,,,,,,,,,,,,,,,,,,,,Mike Kennedy,"$1,031.60",,,,,
,,,,,,,,,,,,,,,,,,,,,Tiffany House,"$1,022.20",,,,,
,,,,,,,,,,,,,,,,,,,,,Sean Wendt,"$1,019.04",,,,,
,,,,,,,,,,,,,,,,,,,,,Luke Schmidt,"$1,010.26",,,,,
,,,,,,,,,,,,,,,,,,,,,Randy Bradley,"$1,008.20",,,,,
,,,,,,,,,,,,,,,,,,,,,Lynn Smith,"$1,008.14",,,,,
,,,,,,,,,,,,,,,,,,,,,Bruce Geld,"$1,006.36",,,,,
,,,,,,,,,,,,,,,,,,,,,Victor Preis,$993.90,,,,,
,,,,,,,,,,,,,,,,,,,,,Ken Brennan,$983.92,,,,,
,,,,,,,,,,,,,,,,,,,,,Barry Pond,$983.42,,,,,
,,,,,,,,,,,,,,,,,,,,,Toby Swindell,$974.78,,,,,
,,,,,,,,,,,,,,,,,,,,,Russell D'Ascenzo,$970.94,,,,,
,,,,,,,,,,,,,,,,,,,,,Aimee Bixby,$966.71,,,,,
,,,,,,,,,,,,,,,,,,,,,Roy Collins,$966.41,,,,,
,,,,,,,,,,,,,,,,,,,,,Sung Shariari,$964.64,,,,,
,,,,,,,,,,,,,,,,,,,,,Jonathan Howell,$959.48,,,,,
,,,,,,,,,,,,,,,,,,,,,Jason Fortune-,$955.12,,,,,
,,,,,,,,,,,,,,,,,,,,,Rachel Payne,$954.65,,,,,
,,,,,,,,,,,,,,,,,,,,,Bryan Spruell,$949.43,,,,,
,,,,,,,,,,,,,,,,,,,,,Roy Französisch,$945.22,,,,,
,,,,,,,,,,,,,,,,,,,,,Eric Barreto,$944.60,,,,,
,,,,,,,,,,,,,,,,,,,,,Maureen Fritzler,$937.04,,,,,
,,,,,,,,,,,,,,,,,,,,,Eric Murdock,$933.70,,,,,
,,,,,,,,,,,,,,,,,,,,,Alyssa Crouse,$925.80,,,,,
,,,,,,,,,,,,,,,,,,,,,Evan Henry,$923.88,,,,,
,,,,,,,,,,,,,,,,,,,,,Mary O'Rourke,$922.49,,,,,
,,,,,,,,,,,,,,,,,,,,,Alejandro Ballentine,$914.53,,,,,
,,,,,,,,,,,,,,,,,,,,,Katrina Bavinger,$908.82,,,,,
,,,,,,,,,,,,,,,,,,,,,Catherine Glotzbach,$904.47,,,,,
,,,,,,,,,,,,,,,,,,,,,Sonia Cooley,$902.73,,,,,
,,,,,,,,,,,,,,,,,,,,,Joni Blumstein,$900.55,,,,,
,,,,,,,,,,,,,,,,,,,,,Henia Zydlo,$886.52,,,,,
,,,,,,,,,,,,,,,,,,,,,Aaron Bergman,$886.16,,,,,
,,,,,,,,,,,,,,,,,,,,,Ryan Crowe,$885.75,,,,,
,,,,,,,,,,,,,,,,,,,,,Chad Sievert,$884.64,,,,,
,,,,,,,,,,,,,,,,,,,,,Harold Engle,$883.53,,,,,
,,,,,,,,,,,,,,,,,,,,,Sally Knutson,$883.41,,,,,
,,,,,,,,,,,,,,,,,,,,,Richard Eichhorn,$876.70,,,,,
,,,,,,,,,,,,,,,,,,,,,Jim Mitchum,$864.95,,,,,
,,,,,,,,,,,,,,,,,,,,,Jocasta Rupert,$863.88,,,,,
,,,,,,,,,,,,,,,,,,,,,Art Foster,$861.57,,,,,
,,,,,,,,,,,,,,,,,,,,,Julie Creighton,$858.58,,,,,
,,,,,,,,,,,,,,,,,,,,,Michael Stewart,$855.12,,,,,
,,,,,,,,,,,,,,,,,,,,,Vicky Freymann,$847.94,,,,,
,,,,,,,,,,,,,,,,,,,,,Vivek Gonzalez,$846.01,,,,,
,,,,,,,,,,,,,,,,,,,,,Charles Sheldon,$844.46,,,,,
,,,,,,,,,,,,,,,,,,,,,Todd Boyes,$834.33,,,,,
,,,,,,,,,,,,,,,,,,,,,Ann Steele,$833.40,,,,,
,,,,,,,,,,,,,,,,,,,,,Erica Hackney,$825.95,,,,,
,,,,,,,,,,,,,,,,,,,,,Thomas Brumley,$816.17,,,,,
,,,,,,,,,,,,,,,,,,,,,Alice Mccarthy,$814.01,,,,,
,,,,,,,,,,,,,,,,,,,,,Brendan Murry,$808.16,,,,,
,,,,,,,,,,,,,,,,,,,,,David Kendrick,$797.83,,,,,
,,,,,,,,,,,,,,,,,,,,,Matthew Clasen,$795.15,,,,,
,,,,,,,,,,,,,,,,,,,,,Beth Fritzler,$791.99,,,,,
,,,,,,,,,,,,,,,,,,,,,Harry Greene,$785.63,,,,,
,,,,,,,,,,,,,,,,,,,,,Michael Granlund,$776.38,,,,,
,,,,,,,,,,,,,,,,,,,,,Muhammed Macintyre,$775.41,,,,,
,,,,,,,,,,,,,,,,,,,,,Sandra Flanagan,$763.55,,,,,
,,,,,,,,,,,,,,,,,,,,,Steven Ward,$758.70,,,,,
,,,,,,,,,,,,,,,,,,,,,Liz Pelletier,$756.61,,,,,
,,,,,,,,,,,,,,,,,,,,,Dorris Liebe,$755.60,,,,,
,,,,,,,,,,,,,,,,,,,,,Ivan Gibson,$744.57,,,,,
,,,,,,,,,,,,,,,,,,,,,Barry Blumstein,$744.34,,,,,
,,,,,,,,,,,,,,,,,,,,,Tracy Collins,$742.56,,,,,
,,,,,,,,,,,,,,,,,,,,,Michelle Lonsdale,$742.08,,,,,
,,,,,,,,,,,,,,,,,,,,,Ritsa Hightower,$740.38,,,,,
,,,,,,,,,,,,,,,,,,,,,Patrick Bzostek,$740.36,,,,,
,,,,,,,,,,,,,,,,,,,,,Angele Hood,$738.50,,,,,
,,,,,,,,,,,,,,,,,,,,,Henry Macallister,$736.28,,,,,
,,,,,,,,,,,,,,,,,,,,,Patricia Hirasaki,$729.65,,,,,
,,,,,,,,,,,,,,,,,,,,,Pete Armstrong,$729.41,,,,,
,,,,,,,,,,,,,,,,,,,,,Jennifer Jackson,$709.18,,,,,
,,,,,,,,,,,,,,,,,,,,,Julia Dunbar,$695.44,,,,,
,,,,,,,,,,,,,,,,,,,,,Peter Bühler,$688.32,,,,,
,,,,,,,,,,,,,,,,,,,,,Eric Hoffmann,$684.17,,,,,
,,,,,,,,,,,,,,,,,,,,,Toby Ritter,$675.94,,,,,
,,,,,,,,,,,,,,,,,,,,,Alex Grayson,$660.97,,,,,
,,,,,,,,,,,,,,,,,,,,,Berenike Kampe,$659.14,,,,,
,,,,,,,,,,,,,,,,,,,,,Bryan Davis,$658.47,,,,,
,,,,,,,,,,,,,,,,,,,,,Anna Chung,$657.32,,,,,
,,,,,,,,,,,,,,,,,,,,,Anthony Witt,$649.38,,,,,
,,,,,,,,,,,,,,,,,,,,,Lori Olson,$644.35,,,,,
,,,,,,,,,,,,,,,,,,,,,Joy Bell-,$644.12,,,,,
,,,,,,,,,,,,,,,,,,,,,Carol Darley,$639.77,,,,,
,,,,,,,,,,,,,,,,,,,,,Mathew Reese,$639.18,,,,,
,,,,,,,,,,,,,,,,,,,,,Astrea Jones,$629.25,,,,,
,,,,,,,,,,,,,,,,,,,,,Ralph Ritter,$615.93,,,,,
,,,,,,,,,,,,,,,,,,,,,Shirley Schmidt,$613.40,,,,,
,,,,,,,,,,,,,,,,,,,,,Bobby Trafton,$603.88,,,,,
,,,,,,,,,,,,,,,,,,,,,Barbara Fisher,$599.80,,,,,
,,,,,,,,,,,,,,,,,,,,,Maria Zettner,$593.61,,,,,
,,,,,,,,,,,,,,,,,,,,,Denise Leinenbach,$585.02,,,,,
,,,,,,,,,,,,,,,,,,,,,Alan Shonely,$584.61,,,,,
,,,,,,,,,,,,,,,,,,,,,Brian Derr,$582.65,,,,,
,,,,,,,,,,,,,,,,,,,,,Neil Knudson,$572.05,,,,,
,,,,,,,,,,,,,,,,,,,,,Carlos Meador,$565.39,,,,,
,,,,,,,,,,,,,,,,,,,,,Chuck Sachs,$550.64,,,,,
,,,,,,,,,,,,,,,,,,,,,Cari Schnelling,$537.63,,,,,
,,,,,,,,,,,,,,,,,,,,,John Huston,$528.91,,,,,
,,,,,,,,,,,,,,,,,,,,,Rob Beeghly,$528.55,,,,,
,,,,,,,,,,,,,,,,,,,,,Andy Yotov,$497.01,,,,,
,,,,,,,,,,,,,,,,,,,,,Corey Roper,$475.90,,,,,
,,,,,,,,,,,,,,,,,,,,,Marybeth Skach,$475.66,,,,,
,,,,,,,,,,,,,,,,,,,,,Joni Sundaresam,$469.17,,,,,
,,,,,,,,,,,,,,,,,,,,,Erin Creighton,$461.91,,,,,
,,,,,,,,,,,,,,,,,,,,,Khloe Miller,$453.54,,,,,
,,,,,,,,,,,,,,,,,,,,,Kelly Williams,$449.10,,,,,
,,,,,,,,,,,,,,,,,,,,,Tim Taslimi,$439.50,,,,,
,,,,,,,,,,,,,,,,,,,,,Shui Tom,$433.34,,,,,
,,,,,,,,,,,,,,,,,,,,,Vivek Grady,$427.37,,,,,
,,,,,,,,,,,,,,,,,,,,,Sonia Sunley,$418.49,,,,,
,,,,,,,,,,,,,,,,,,,,,Brad Thomas,$415.20,,,,,
,,,,,,,,,,,,,,,,,,,,,Mark Haberlin,$400.02,,,,,
,,,,,,,,,,,,,,,,,,,,,Barry Weirich,$385.52,,,,,
,,,,,,,,,,,,,,,,,,,,,Joy Daniels,$385.43,,,,,
,,,,,,,,,,,,,,,,,,,,,Jason Klamczynski,$383.81,,,,,
,,,,,,,,,,,,,,,,,,,,,Vivian Mathis,$380.69,,,,,
,,,,,,,,,,,,,,,,,,,,,Neil Französisch,$377.16,,,,,
,,,,,,,,,,,,,,,,,,,,,Melanie Seite,$370.35,,,,,
,,,,,,,,,,,,,,,,,,,,,Lycoris Saunders,$368.88,,,,,
,,,,,,,,,,,,,,,,,,,,,Aleksandra Gannaway,$367.55,,,,,
,,,,,,,,,,,,,,,,,,,,,Evan Minnotte,$366.82,,,,,
,,,,,,,,,,,,,,,,,,,,,Heather Jas,$358.10,,,,,
,,,,,,,,,,,,,,,,,,,,,Don Weiss,$344.08,,,,,
,,,,,,,,,,,,,,,,,,,,,Larry Tron,$329.88,,,,,
,,,,,,,,,,,,,,,,,,,,,Brendan Dodson,$320.54,,,,,
,,,,,,,,,,,,,,,,,,,,,Lisa Hazard,$318.24,,,,,
,,,,,,,,,,,,,,,,,,,,,Jennifer Halladay,$309.28,,,,,
,,,,,,,,,,,,,,,,,,,,,Jill Matthias,$303.95,,,,,
,,,,,,,,,,,,,,,,,,,,,Chuck Magee,$287.99,,,,,
,,,,,,,,,,,,,,,,,,,,,Larry Hughes,$287.43,,,,,
,,,,,,,,,,,,,,,,,,,,,Sung Chung,$280.63,,,,,
,,,,,,,,,,,,,,,,,,,,,Stuart Calhoun,$279.26,,,,,
,,,,,,,,,,,,,,,,,,,,,Nicole Brennan,$273.87,,,,,
,,,,,,,,,,,,,,,,,,,,,Bart Folk,$272.95,,,,,
,,,,,,,,,,,,,,,,,,,,,Dorothy Dickinson,$269.54,,,,,
,,,,,,,,,,,,,,,,,,,,,Brad Norvell,$265.30,,,,,
,,,,,,,,,,,,,,,,,,,,,Andrew Roberts,$264.86,,,,,
,,,,,,,,,,,,,,,,,,,,,Harold Dahlen,$251.36,,,,,
,,,,,,,,,,,,,,,,,,,,,Sally Matthias,$244.49,,,,,
,,,,,,,,,,,,,,,,,,,,,Paul Lucas,$239.48,,,,,
,,,,,,,,,,,,,,,,,,,,,Guy Phonely,$236.53,,,,,
,,,,,,,,,,,,,,,,,,,,,Erin Mull,$228.99,,,,,
,,,,,,,,,,,,,,,,,,,,,Guy Thornton,$226.44,,,,,
,,,,,,,,,,,,,,,,,,,,,Robert Barroso,$221.08,,,,,
,,,,,,,,,,,,,,,,,,,,,Hilary Holden,$218.67,,,,,
,,,,,,,,,,,,,,,,,,,,,Allen Goldenen,$200.95,,,,,
,,,,,,,,,,,,,,,,,,,,,Joel Jenkins,$195.00,,,,,
,,,,,,,,,,,,,,,,,,,,,Anthony Garverick,$170.58,,,,,
,,,,,,,,,,,,,,,,,,,,,Muhammed Lee,$162.23,,,,,
,,,,,,,,,,,,,,,,,,,,,Anthony O'Donnell,$161.28,,,,,
,,,,,,,,,,,,,,,,,,,,,Pete Takahito,$160.57,,,,,
,,,,,,,,,,,,,,,,,,,,,Dianna Arnett,$156.76,,,,,
,,,,,,,,,,,,,,,,,,,,,Michael Oakman,$154.29,,,,,
,,,,,,,,,,,,,,,,,,,,,Greg Hansen,$146.94,,,,,
,,,,,,,,,,,,,,,,,,,,,Phillip Breyer,$132.74,,,,,
,,,,,,,,,,,,,,,,,,,,,Bobby Odegard,$130.83,,,,,
,,,,,,,,,,,,,,,,,,,,,Ed Ludwig,$124.28,,,,,
,,,,,,,,,,,,,,,,,,,,,Clay Cheatham,$113.83,,,,,
,,,,,,,,,,,,,,,,,,,,,Roland Murray,$98.35,,,,,
,,,,,,,,,,,,,,,,,,,,,Karen Seio,$88.47,,,,,
,,,,,,,,,,,,,,,,,,,,,Anemone Ratner,$88.15,,,,,
,,,,,,,,,,,,,,,,,,,,,Fred Wasserman,$79.75,,,,,
,,,,,,,,,,,,,,,,,,,,,Jasper Cacioppo,$71.26,,,,,
,,,,,,,,,,,,,,,,,,,,,Adrian Shami,$58.82,,,,,
,,,,,,,,,,,,,,,,,,,,,Larry Blacks,$50.19,,,,,
,,,,,,,,,,,,,,,,,,,,,Ricardo Emerson,$48.36,,,,,
,,,,,,,,,,,,,,,,,,,,,Susan Gilcrest,$47.95,,,,,
,,,,,,,,,,,,,,,,,,,,,Roy Skaria,$22.33,,,,,
,,,,,,,,,,,,,,,,,,,,,Mitch Gastineau,$16.74,,,,,
,,,,,,,,,,,,,,,,,,,,,Carl Jackson,$16.52,,,,,
,,,,,,,,,,,,,,,,,,,,,Lela Donovan,$5.30,,,,,
,,,,,,,,,,,,,,,,,,,,,Thais Sissman,$4.83,,,,,